"Real","Predicted","Probability"
0,0,0.173021134413757
0,0,0.00223729469075547
0,0,0.0633375196618626
0,0,0.0717879215759264
0,0,0.176370589121924
0,0,0.0318998106284186
0,0,0.038299346934733
0,0,0.0706190192483154
0,0,0.0665560110246725
0,0,0.00835001581618877
0,0,0.0655129718404235
0,0,0.057007580279856
0,0,0.00239735623620117
0,0,0.0381721970086084
0,0,0.0747087601325289
0,0,0.0696384625897316
0,0,0.11178290479827
0,0,0.00962483863876495
0,0,0.127172104128594
1,0,0.0189126524232502
0,0,0.190275427413875
0,0,0.0503516606060165
0,0,0.0585793860197619
0,0,0.0686824782387958
0,0,0.157782596765088
0,0,0.0868516356601055
0,0,0.0497934419655764
0,0,0.132618904683445
1,0,0.0869631283672956
0,0,0.301208257035694
0,0,0.0167031760800703
0,0,0.056586889501671
0,0,0.127321923478917
0,0,0.06674531002451
0,0,0.139418560770729
0,0,0.0150304966875684
0,0,0.119452640338277
1,0,0.0338649493515311
0,0,0.0228319889248637
0,0,0.0350878063901472
0,0,0.0594632664269016
0,0,0.115250305672575
0,0,0.0979159233178049
0,0,0.0603762113144289
0,0,0.0595318112262057
0,0,0.161837939652423
0,0,0.090757011370525
0,0,0.0663624663053858
0,0,0.0236215331141729
0,0,0.0642561499116928
0,0,0.0720889692010168
0,0,0.113146817606923
0,0,0.0507901196753919
0,0,0.00877996168872937
0,0,0.0362705861164084
0,0,0.0179230761976672
0,0,0.0522251657010332
0,0,0.0480465954948454
1,0,0.0588059426243875
0,0,0.137146064885438
0,0,0.0439951311506621
0,0,0.0505787260628619
1,0,0.112659815427528
0,0,0.044569326966832
0,0,0.0370354919992035
0,0,0.019979634326243
1,0,0.0400461356743087
0,0,0.0265461955161871
0,0,0.0443015167056747
0,0,0.0347420238854664
0,0,0.0675005967959056
0,0,0.0944173859701907
0,0,0.0781443876070273
0,0,0.0466134678645541
0,0,0.0183045582330072
0,0,0.0422027472918458
0,0,0.103226577919708
1,0,0.0739476491468769
0,0,0.115003255309136
0,0,0.082966970077188
0,0,0.0382143782998251
0,0,0.0501944869706912
0,0,0.0336762356269495
0,0,0.0140449027848046
1,0,0.0529622404038907
0,0,0.020771036782457
0,0,0.0156125961095645
1,0,0.0459970459445154
0,0,0.0155113623185335
0,0,0.0255000036602343
0,0,0.0570698228570734
1,0,0.0954628037238836
0,0,0.0703583528896316
0,0,0.0494776807110643
0,0,0.0191196367110888
0,0,0.0491561745649517
0,0,0.113803892156136
0,0,0.0510082925377312
0,0,0.02597224752139
1,0,0.106147397970458
1,0,0.0562815743874199
0,0,0.062403847210406
0,0,0.0234672066913901
0,0,0.0506705164574709
0,0,0.109433415761471
0,0,0.0134730526369205
0,0,0.0423313103833996
0,0,0.0758593051424871
0,0,0.0181308925340346
0,0,0.074639749293235
1,0,0.0419240912341844
0,0,0.0249718134686304
0,0,0.0958223811722552
1,0,0.112659815427528
0,0,0.0384001397429978
0,0,0.0321760937062277
0,0,0.111547788152258
0,0,0.0511627322154354
0,0,0.0225050451860268
0,0,0.0718181286593496
0,0,0.00893499655137939
0,0,0.0220303469464851
0,0,0.0601162560712816
0,0,0.0629458231184377
0,0,0.0124733676360936
0,0,0.0372326899308729
0,0,0.099967030687948
0,0,0.0677109111728983
0,0,0.043842999332168
0,0,0.0390701255190633
0,0,0.1173889923932
0,0,0.0111853229383338
0,0,0.0289030384583707
0,0,0.116093008940227
0,0,0.0506161842912731
0,0,0.02682491283571
0,0,0.0686282513505132
0,0,0.0481685481017033
0,0,0.0661508681554888
0,0,0.0765232159072801
0,0,0.0350616422030508
0,0,0.0389334132883246
0,0,0.0499867128234608
0,0,0.0334615844571814
0,0,0.0235920337204631
0,0,0.0207380584475447
0,0,0.0554752193156256
0,0,0.0266555310797873
0,0,0.0115822692809084
0,0,0.0808380820421407
0,0,0.0432536569222687
0,0,0.0139619253367022
0,0,0.0261540716206016
1,0,0.0586533610289878
0,0,0.0240667544550044
0,0,0.00858248150383807
0,0,0.0601162560712816
0,0,0.0278005893944164
0,0,0.0376208720324886
1,0,0.0237960578517408
0,0,0.1173889923932
0,0,0.0730609975693817
0,0,0.05230063801997
0,0,0.151128123884022
0,0,0.0415578040723013
0,0,0.0352201259966279
0,0,0.0891618462509189
0,0,0.034285499508733
0,0,0.0405953423517912
0,0,0.0241828576583594
0,0,0.0812335395119569
0,0,0.0863347223591905
0,0,0.0408785896279196
0,0,0.101328947488414
0,0,0.0345331024186268
0,0,0.0772319331007118
1,0,0.0433876760040788
0,0,0.0346260863352736
0,0,0.0429813334926919
0,0,0.0198265921483887
0,0,0.0203887929596527
0,0,0.0452454644042167
1,0,0.0721715619257561
0,0,0.0988036096655008
0,0,0.0268626668664526
0,0,0.0885159864136249
0,0,0.109392609384835
0,0,0.0699357718503209
0,0,0.00742649028498537
0,0,0.0241377031229184
0,0,0.0559301189396215
0,0,0.101536964956278
0,0,0.0289287521540056
0,0,0.0454958002648735
0,0,0.0251796799075108
0,0,0.0304559252880717
0,0,0.0484395537123258
0,0,0.0390202280847152
0,0,0.043844690713876
0,0,0.0521570427655717
0,0,0.0482438879387459
0,0,0.0354419892448335
0,0,0.0917210903306611
0,0,0.0164468320632852
0,0,0.0325290947006966
0,0,0.0386062326093761
0,0,0.0284751907534979
0,0,0.0565314152082201
0,0,0.0417701374038521
0,0,0.0388387906236239
0,0,0.0438250490084793
0,0,0.0758374367075932
0,0,0.0579771825928687
1,0,0.0884481839839904
0,0,0.13506403625499
0,0,0.0656284009513411
0,0,0.0480244648648424
0,0,0.0332285020534719
0,0,0.0432060707198408
0,0,0.0661505472411917
0,0,0.0750573387651387
0,0,0.05073547772955
0,0,0.0806138204599733
0,0,0.144583455137821
0,0,0.0474740716755822
0,0,0.0200938668420391
0,0,0.0571689442881536
0,0,0.0687436989754196
0,0,0.0779110115638934
0,0,0.0306188326395895
0,0,0.0181689999639613
1,0,0.060320851480013
0,0,0.0201534780877953
0,0,0.0319173338540762
0,0,0.0298266536561102
0,0,0.168981419818999
0,0,0.00405948729212036
0,0,0.0422013680455276
0,0,0.0413427654761766
0,0,0.110344679062123
0,0,0.0467405432126401
0,0,0.0479970523063497
1,0,0.0740694711316559
0,0,0.070491390570649
0,0,0.0976167743778722
0,0,0.170849856172723
0,0,0.0264601804936422
0,0,0.0408100290977798
0,0,0.025001424715002
0,0,0.0330460544036833
0,0,0.0383066952491107
0,0,0.0573859416016915
0,0,0.0968975264942096
0,0,0.0476792605370855
0,0,0.0396129764943638
0,0,0.0502746833323491
0,0,0.0685265376147001
0,0,0.0322738263004869
0,0,0.0571703500328504
0,0,0.0785181086970829
0,0,0.0843668939952828
0,0,0.0240006854840149
0,0,0.0887489757035207
0,0,0.142254902030546
0,0,0.010903328768222
0,0,0.0510276574585669
0,0,0.0652549646905943
0,0,0.0946353395501724
0,0,0.0568308147505928
0,0,0.0634859203432283
0,0,0.0741316160933301
0,0,0.0498683917600465
0,0,0.0777402687168523
0,0,0.0950883223140546
1,0,0.0610617220096747
1,0,0.0767731056680138
0,0,0.0506742406243558
1,0,0.141111060835657
0,0,0.0379595049698356
0,0,0.00993084655053455
0,0,0.00441858117753218
0,0,0.0668585920952738
0,0,0.031811333294308
0,0,0.0727617100259831
0,0,0.0421432525227558
0,0,0.0476488043671659
0,0,0.049764801530921
0,0,0.035498695925265
0,0,0.0670492495054682
0,0,0.00886993840965476
0,0,0.118712129539988
0,0,0.0394642005010344
0,0,0.0202444305572326
0,0,0.0817263248030405
0,0,0.115395165361434
0,0,0.0315205028737077
0,0,0.0226085768780975
0,0,0.0551395351180534
0,0,0.0455946043516338
0,0,0.0688338855731363
0,0,0.0411202182555954
1,0,0.0490184767277767
0,0,0.034438839985472
0,0,0.0365444918096142
0,0,0.0318721540644537
0,0,0.0346208569228551
0,0,0.03454124230613
0,0,0.0205381064472946
0,0,0.0319562110888842
0,0,0.0623036071794636
0,0,0.07252301286531
0,0,0.0349520510040952
0,0,0.0415332448892204
0,0,0.0117723608741823
0,0,0.0664535977080515
1,0,0.0780170102617943
0,0,0.0461893196592573
0,0,0.0584981053437324
0,0,0.0873874141622612
0,0,0.0178286861004925
0,0,0.0307609193668982
0,0,0.023900234772824
0,0,0.0216954364155515
0,0,0.0603350856849482
0,0,0.0958560840895388
1,0,0.186397174554817
0,0,0.0510666842969777
0,0,0.0184734941526748
0,0,0.0641348009656929
0,0,0.108881826246287
0,0,0.147512184853402
0,0,0.0472795999948995
1,0,0.118597877036663
0,0,0.0188233812849021
0,0,0.0830184739198888
0,0,0.0432569176096798
0,0,0.0496701504256934
0,0,0.0445412176332656
0,0,0.042429033763353
0,0,0.0474820997549371
0,0,0.039584245909611
1,0,0.0734635005130474
0,0,0.0614968163096884
0,0,0.118597877036663
0,0,0.0604089107160877
0,0,0.0451294746377822
0,0,0.0397380945984697
0,0,0.0211380288708106
0,0,0.031345150210906
0,0,0.031826579630832
0,0,0.028011376642444
1,0,0.027073284576243
0,0,0.0460997639283717
0,0,0.0725048267342067
0,0,0.0491795277124769
0,0,0.0530979058100234
0,0,0.0630648701409416
0,0,0.0616491162626654
0,0,0.060803799576111
0,0,0.0385585976098757
0,0,0.0560194314822954
0,0,0.0327293076053516
0,0,0.0514585060661595
0,0,0.124696532792892
1,0,0.0354083849760606
0,0,0.0434122838959173
1,0,0.102748106285103
0,0,0.0680453408067393
0,0,0.0506256585451542
0,0,0.0721566273905771
0,0,0.0717090871617044
0,0,0.184799713698107
0,0,0.0206787197483179
0,0,0.0526396009128597
0,0,0.0432866770307854
0,0,0.257419824549041
0,0,0.0395607805136024
0,0,0.0376448494584151
0,0,0.0689996503430515
0,0,0.116945324587899
0,0,0.0282348546653719
1,0,0.0223444829651866
0,0,0.0327972667556568
0,0,0.0588275865770068
0,0,0.0411261120518457
0,0,0.0728732474490961
0,0,0.0256170627641663
0,0,0.108464654575028
0,0,0.0357820160728872
0,0,0.0418695720354681
0,0,0.0473500338848791
0,0,0.0390532669734455
0,0,0.071808100161777
0,0,0.0360497031628936
0,0,0.120139178669811
1,0,0.129114623942552
0,0,0.163943687972027
0,0,0.0386096273484132
1,0,0.113438642202183
0,0,0.074990568140966
0,0,0.0158481152626732
0,0,0.0692570233309588
0,0,0.0502454937291866
0,0,0.127527928099098
0,0,0.0252507372797429
0,0,0.0222300760338294
1,0,0.0485496365779111
0,0,0.0682042716257198
0,0,0.0463394683840226
0,0,0.0297011132078503
0,0,0.069573895872444
0,0,0.0419091961266285
0,0,0.0621596400493539
0,0,0.123001873901443
0,0,0.0477563616500161
0,0,0.0417657220262932
0,0,0.103528978577952
0,0,0.0278783273123229
0,0,0.0724829181273842
0,0,0.0268593041084902
0,0,0.0432683975073053
0,0,0.00952049219401357
0,0,0.0266871023686531
0,0,0.0789305293579005
0,0,0.0683498057439329
0,0,0.00664457882251815
0,0,0.092031222438188
0,0,0.0675010222385943
0,0,0.0184514650411845
0,0,0.0512811042977305
0,0,0.0417603323253998
0,0,0.0416353629893287
0,0,0.0833580798334758
0,0,0.0717602423914023
0,0,0.0624379929180347
0,0,0.0700680242733786
0,0,0.0214447631032549
0,0,0.154575109864481
0,0,0.0295671783368225
0,0,0.0220423345392165
0,0,0.0497300219744457
0,0,0.0659544864612546
0,0,0.0651390964972663
0,0,0.080422324881755
0,0,0.116476957608191
0,0,0.036287947234485
0,0,0.0446870314533624
0,0,0.0139545783553307
0,0,0.0520382107875937
0,0,0.0987461941891668
0,0,0.0654185056377071
0,0,0.0398102506801515
0,0,0.0321318637055762
0,0,0.106824090872768
0,0,0.034535029840249
0,0,0.0079913844097701
0,0,0.0769544156052395
0,0,0.0278453923248883
0,0,0.0246911839808344
0,0,0.0126780282313068
0,0,0.104465486787822
0,0,0.0509106844871517
0,0,0.00841714868591306
0,0,0.0372540475353859
0,0,0.0562244867039678
0,0,0.119746137143831
0,0,0.0667703224188507
0,0,0.0508793278237476
0,0,0.0990031893681378
0,0,0.0447341918321963
0,0,0.0555234139004813
0,0,0.026873766909565
0,0,0.0368377066793991
0,0,0.0236804870312049
0,0,0.0431808430757125
0,0,0.0193048471225613
0,0,0.0852216694588042
0,0,0.00758823214498571
0,0,0.0711344714378481
0,0,0.0488206720252358
0,0,0.018941975129254
0,0,0.0601162560712816
0,0,0.108567520325839
0,0,0.0503183964581297
0,0,0.0202571864653555
0,0,0.0685766113031608
0,0,0.0834039492559495
0,0,0.0288419285632281
0,0,0.0598570962198345
0,0,0.0408948115217274
0,0,0.00223711950297827
0,0,0.0556598519357393
0,0,0.0688715550419261
1,0,0.0567405341923721
0,0,0.0526605647553388
0,0,0.0519681145011495
0,0,0.0935311471844676
0,0,0.00651414921245153
0,0,0.0143785220963294
0,0,0.0331753335717429
0,0,0.0345736409818905
0,0,0.0141549482356203
0,0,0.03995252057374
0,0,0.0482705675379124
0,0,0.0352590432427644
0,0,0.0335254668476581
0,0,0.040793077045292
0,0,0.0159699960902231
1,0,0.131288390009468
0,0,0.126756389793523
0,0,0.0923226637955787
0,0,0.0338959251209564
0,0,0.0479012784011355
0,0,0.056468654535533
0,0,0.0273676594324603
0,0,0.0300334607261573
1,0,0.075553968915356
0,0,0.00848903098140099
0,0,0.00334666793230356
0,0,0.07746950147404
0,0,0.123292813865406
0,0,8.96435622757717e-08
0,0,0.0148342882524897
0,0,0.041152919982239
0,0,0.0667289686708616
0,0,0.0794308981821212
0,0,0.0654115987728847
0,0,0.0721064094921422
0,0,0.0550529619076668
0,0,0.0317533323806438
0,0,0.0542293033091312
0,0,0.0650143129421815
0,0,0.0238750697420269
0,0,0.0509128876813322
0,0,0.0308327022279593
0,0,0.0447103428924639
0,0,0.033390664482506
0,0,0.0283049560926793
0,0,0.0460854236635624
0,0,0.0376197648553242
0,0,0.0434087158738398
0,0,0.0430550928604483
1,0,0.0586056205627396
0,0,0.0302150024530561
0,0,0.0696988899332876
0,0,0.0304449758429629
0,0,0.00993805758771854
0,0,0.073915609815367
0,0,0.0434445470868612
0,0,0.0108962229418761
0,0,0.0444271721227019
0,0,0.027610557892585
0,0,0.0639304147876272
0,0,0.0294108459665451
0,0,0.0520716877917568
0,0,0.0501239356716146
0,0,0.0667288926685071
0,0,0.0501057997649249
0,0,0.0924238550336148
0,0,0.0240992662836748
0,0,0.0475900843145755
0,0,0.029699575314817
0,0,0.128711124117253
0,0,0.152511063302931
0,0,0.104913552296904
0,0,0.0900159584581977
0,0,0.0295733895483683
1,0,0.0492290939596563
0,0,0.0300163992027957
0,0,0.0471786183077904
0,0,0.0315987812034836
1,0,0.168758827179079
0,0,0.0504389033686195
0,0,0.0357134560780081
0,0,0.116568802008644
0,0,0.0487402610876199
0,0,0.0352013106476175
0,0,0.0366474503518717
0,0,0.026402799094959
0,0,0.083003798918865
0,0,0.0556776211610999
0,0,0.0707600350393096
0,0,0.0406916565796621
0,0,0.0364834885859872
0,0,0.0276635951400193
0,0,0.0352868268470447
0,0,0.0447276796242251
0,0,0.104478275827704
0,0,0.0600570412212431
0,0,0.0344302728233571
0,0,0.0530942023959671
0,0,0.0335823441096648
0,0,0.0558857966058489
0,0,0.122325069838913
0,0,0.0689673302189501
0,0,0.140721744642959
0,0,0.0272261573307218
0,0,0.0279869584937467
0,0,0.0400232194970942
0,0,0.0483594568351826
0,0,0.0420242351410489
0,0,0.0730659135306112
0,0,0.0371949447615181
0,0,0.0928916528000512
0,0,0.0298387503191552
0,0,0.1055002618293
0,0,0.0601162560712816
0,0,0.062676349375677
0,0,0.0198977712470336
0,0,0.0316636789946679
0,0,0.0383884064377908
0,0,0.075751412072259
0,0,0.042067797772917
0,0,0.0793958694848709
0,0,0.0548018398328415
0,0,0.00269524205459013
0,0,0.018790428018477
0,0,0.0329720336751563
0,0,0.0237240987457096
0,0,0.0453981877986446
0,0,0.0274224063788671
1,0,0.035906617950721
0,0,0.00528810720278309
0,0,0.108207885162832
0,0,0.0250229089239771
0,0,0.111558787285357
0,0,0.111503801102451
0,0,0.0246132596598368
0,0,0.0431712949883083
0,0,0.0978810989444975
1,0,0.104947542445322
0,0,0.0398908321377353
0,0,0.0424559845137291
0,0,0.0295413835447452
0,0,0.0492944869839969
1,0,0.182633824834374
0,0,0.0488358091263784
0,0,0.0769001033733278
1,0,0.111503801102451
0,0,0.0279954309041533
0,0,0.114732124105496
0,0,0.0594632664269016
0,0,0.0269552862656829
0,0,0.0554194064639573
0,0,0.0119550247403191
0,0,0.0159494137567371
0,0,0.0113429750650435
0,0,0.0456470173979995
0,0,0.0211044318963751
0,0,0.0259696213539811
0,0,0.0326363778098258
0,0,0.043587140566809
0,0,0.0968711260220295
0,0,0.0301562470198966
0,0,0.0592391023418126
0,0,0.0837150741061838
0,0,0.0607759530917934
0,0,0.0601162560712816
0,0,0.00789898760937215
0,0,0.0594632664269016
0,0,0.0266189827293436
0,0,0.0163491753082545
0,0,0.132912883700863
0,0,0.0608590658168046
0,0,0.0212350671066023
0,0,0.0182580830201101
0,0,0.0430417343705755
0,0,0.0517554645313282
0,0,0.0290785576068339
0,0,0.0154668718024303
0,0,0.0451327938815449
0,0,0.0419613711237585
0,0,0.0240163876632392
0,0,0.0522348880049185
0,0,0.0250280266372882
0,0,0.04667895795183
0,0,0.0266719442217412
0,0,0.0336813451185795
0,0,0.0200672607287399
0,0,0.0144088934111208
0,0,0.0196264117840313
0,0,0.0893157773495809
0,0,0.0781269544253845
0,0,0.106259460868392
0,0,0.0743475876812719
0,0,0.0481989906326897
0,0,0.0429891850368126
0,0,0.0548507556881465
0,0,0.0487124621528349
0,0,0.0752284035277987
0,0,0.0489136635720186
0,0,0.0197582456730121
0,0,0.048853311506812
0,0,0.0368950028109533
0,0,0.0445117832107615
0,0,0.0869622747343698
0,0,0.0206184082345455
0,0,0.0304735043119157
0,0,0.0536145620126118
0,0,0.0553699638572705
0,0,0.0683461129336854
0,0,0.0118395758684988
0,0,0.0773069621361875
0,0,0.0517501045367569
0,0,0.0671368382479248
0,0,0.0128913964982809
0,0,0.106110084435025
0,0,0.0355875605413892
0,0,0.0231285573266994
0,0,0.0138455763624809
0,0,0.029581750393889
0,0,0.0828822708808572
0,0,0.0283194643641046
0,0,0.0482079956974497
0,0,0.0627795628282963
0,0,0.0290224620780248
0,0,0.00922869160295211
0,0,9.80321057560676e-14
0,0,0.0594632664269016
0,0,0.0780255909755525
0,0,0.00534290332221557
0,0,0.0252911315962444
0,0,0.110358173492262
0,0,0.0349627693031966
0,0,0.116049604361743
0,0,0.0456278591647254
0,0,0.00808347383898293
0,0,0.031786274269275
0,0,0.0449066506904345
0,0,0.0405484349378722
0,0,0.0607322642068919
0,0,0.0344919520824376
0,0,0.0340393293397032
0,0,0.0236455174581046
0,0,0.0145769475975126
0,0,0.0300587709142744
0,0,0.0292948193178298
0,0,0.04284078517934
0,0,0.0144613165059681
0,0,0.0247538671171929
0,0,0.062053457153926
0,0,0.0337454229582149
0,0,0.027253271860521
0,0,0.0417268883744188
0,0,0.0232538322910258
0,0,0.0302605362485665
0,0,0.0244998606330733
0,0,0.0910173134227188
0,0,0.0255341747913568
0,0,0.0225897613144712
0,0,0.0402269107376522
0,0,0.0770677653054967
0,0,0.0080527690791626
0,0,0.012988124667964
0,0,0.0391624612718759
0,0,0.0788343142863
0,0,0.0786454553496382
0,0,0.045828909969572
0,0,0.0433369963010706
0,0,0.0338088178268999
0,0,0.0635780947657827
1,0,0.0159256211612974
0,0,0.0335832154709107
0,0,0.0179987018491999
0,0,0.0565371605632611
0,0,0.0396607506279956
1,0,0.0346488570202618
0,0,0.0316761327949134
0,0,0.0280850829467676
0,0,0.0106394586747808
0,0,0.0461209961869641
1,0,0.0412909335965413
0,0,0.0308655203599553
0,0,0.0606092925884183
0,0,0.0889036310496685
0,0,0.0381457744458889
0,0,0.0285836681434795
0,0,0.0115788763244185
0,0,0.0290425185215442
0,0,0.0267631716802427
0,0,0.0734627189048379
0,0,0.0626529455923113
0,0,0.109545606673884
0,0,0.0784569389754521
0,0,0.0368619556782031
0,0,0.0128320562149287
0,0,0.101689040716399
0,0,0.0403190060336185
0,0,0.0242300698885689
0,0,0.108097825741189
0,0,0.0909383088049811
0,0,0.077573368881486
0,0,0.0153231494476359
0,0,0.0490531524514964
1,0,0.0351870813442451
0,0,0.0434454893603623
0,0,0.0477032735261202
0,0,0.007287763974064
0,0,0.0600214538473879
1,0,0.05429517334452
0,0,0.0844126628547101
0,0,0.0525306619966543
1,0,0.0334431906195431
0,0,0.0242106568789013
0,0,0.1046503823345
0,0,0.130225540446671
0,0,0.0408871616856226
0,0,0.0218547572219939
0,0,0.0111898041409754
0,0,0.0594632664269016
0,0,0.0156492081502465
0,0,0.0942636504914445
0,0,0.0335766827885101
0,0,0.0150115510816221
0,0,0.072077289758691
0,0,0.053294948799501
0,0,0.107136701148912
0,0,0.0602550042742912
0,0,0.0244877904647334
0,0,0.0402748058545232
0,0,0.0331992905953419
0,0,0.0203069354248461
1,0,0.108097825741189
0,0,0.0281839801779644
0,0,0.0266699099989186
0,0,0.0223027576528291
1,0,0.106982978658348
0,0,0.0225782982187817
0,0,0.059063325311882
1,0,0.0254141956257556
0,0,0.0547961249658337
0,0,0.120602268091085
1,0,0.0620434177414624
0,0,0.0470520319737725
0,0,0.043508531051337
0,0,0.0206256141202679
0,0,0.0212065496298184
0,0,0.0235296289321977
0,0,0.0594632664269016
0,0,0.0357158097799975
0,0,0.0403812217707583
0,0,0.0622185401452716
0,0,0.0429731040756858
0,0,0.06106986041608
0,0,0.0178184847379326
0,0,0.0234608712694742
0,0,0.0340701472395997
0,0,0.0236081458080927
0,0,0.0294652451955229
0,0,0.0243569635061326
0,0,0.0601162560712816
0,0,0.0231906723018746
0,0,0.0182135529672524
0,0,0.00509812181176314
0,0,0.0336347019404756
0,0,0.0564109503008171
0,0,0.0127952740806515
0,0,0.0594632664269016
0,0,0.0258259609935835
0,0,0.0362485226797423
0,0,0.0227678506034979
0,0,0.0224421068927641
0,0,0.0237777686310498
0,0,0.0185100059118934
0,0,0.0527166853802915
0,0,0.103009559254362
0,0,0.0800383494359184
0,0,0.0310537909213987
0,0,0.0307646275000669
1,0,0.0388338242380807
0,0,0.0409370587940715
0,0,0.0164791117577938
0,0,0.0702273778298961
0,0,0.0537305224752709
1,0,0.112659815427528
0,0,0.0261916441252547
0,0,0.0379244541273816
0,0,0.00724021631930117
0,0,0.037672360459152
0,0,0.0615235442836731
0,0,0.0205903382042065
0,0,0.0353766179071267
0,0,0.0177859422631728
0,0,0.0909481597563671
0,0,0.0760372337863811
0,0,0.0846973356025596
0,0,0.106982978658348
0,0,0.105240612342791
0,0,0.044242714052369
0,0,0.0148174032337874
0,0,0.107025397116881
0,0,0.0318644971141634
0,0,0.0281691875888631
0,0,0.00710860284960066
0,0,0.0594632664269016
0,0,0.0909973573032405
0,0,0.00945069799836055
0,0,0.0494291795653788
0,0,0.0235253240557707
0,0,0.063398941501181
0,0,0.0836849723015936
0,0,0.0468510443491527
0,0,0.0246601738073114
1,0,0.0248074655573153
0,0,0.0330276544028515
0,0,0.0156801001660089
0,0,0.0157067775742196
0,0,0.0654851042728865
0,0,0.0511025403048751
0,0,0.0354057307308234
0,0,0.0230516880610698
0,0,0.0246110264662013
0,0,0.0203285098419324
0,0,0.0476245230568029
1,0,0.126896437035495
0,0,0.0370242115181505
0,0,0.0275236628308009
0,0,0.0490479848105024
0,0,0.0758606581395323
0,0,0.00318304224778872
0,0,0.00415378917298263
0,0,0.0238512508390007
0,0,0.0610096486107241
0,0,0.00161335498881506
0,0,0.00985457173256703
0,0,0.0532265291095771
1,0,0.00598822507843068
0,0,0.0594632664269016
0,0,0.00954160947654104
0,0,0.029966101867308
0,0,0.00829918845553643
0,0,0.0176393134070567
0,0,0.0236608881705716
0,0,0.0525565662696214
0,0,0.00212417966324761
0,0,0.0392825316202191
0,0,0.0490811423747655
0,0,0.0695060677393455
0,0,0.0682394064029814
0,0,0.0733777928932672
0,0,0.0144489954560307
0,0,0.0322227611742731
0,0,0.0235962006741319
0,0,0.0105832358085776
0,0,0.0964791393209043
0,0,0.0332117764220709
0,0,0.027097506726816
0,0,0.0208925444301237
0,0,0.0217266317617561
0,0,0.0165357418614733
0,0,0.0189232739405679
0,0,0.0695482624586105
0,0,0.0332410645490703
0,0,0.0286517648512193
0,0,0.00440729542914462
0,0,0.062795876666537
0,0,0.0221540345169571
0,0,0.093359808657305
0,0,0.0381971419468062
0,0,0.0619209741869538
0,0,0.0585726495957005
0,0,0.0219277641302481
0,0,0.0409733882330736
0,0,0.00733015356417882
0,0,0.0273126509186742
0,0,0.0957022581968485
0,0,0.000216082157614504
0,0,0.0594632664269016
0,0,0.0244926341571762
0,0,0.0208103372263378
0,0,0.0312712554782047
0,0,0.00369345328970796
0,0,0.0462950289004791
0,0,0.102347536471131
0,0,0.0793731626327401
0,0,0.0601162560712816
0,0,0.0344528429248537
0,0,0.0072068080377071
0,0,0.00025281108198091
0,0,0.0608457215991298
0,0,0.0452548352375619
0,0,0.0543193683736206
0,0,0.0547127800529597
0,0,0.0594632664269016
0,0,0.00767087277162252
0,0,0.0255159296220496
0,0,0.0594632664269016
0,0,0.0453432424377073
0,0,0.0562961783355553
1,0,0.0562725673867277
0,0,0.0103153865790212
0,0,0.00719521673598634
0,0,0.0186165060652366
0,0,0.0601162560712816
0,0,0.0405750051109952
0,0,0.00628829977997661
0,0,0.00162272921371602
0,0,0.0234728403496779
0,0,0.0601162560712816
0,0,0.0143949438324116
0,0,0.0379994869649959
0,0,0.0297726476162676
0,0,0.00652762606292707
0,0,0.0607759530917934
0,0,0.0336215468924454
0,0,0.00938779074804292
0,0,0.0374407396395602
0,0,0.0581859423339073
0,0,0.00254581154666431
0,0,0.00799641449835166
0,0,0.102328307762327
0,0,0.00250660027427643
0,0,0.007370473938814
0,0,0.0673084315514104
0,0,0.00115140748128828
0,0,0.0601162560712816
0,0,0.0656915451001297
0,0,0.0224233762698703
0,0,0.0252603922909346
0,0,0.023378438464523
0,0,0.0601162560712816
0,0,0.0601162560712816
0,0,0.0726222865636994
0,0,0.0437749230065131
0,0,0.10957452096652
0,0,0.0314886092951773
0,0,0.0978586312485219
0,0,0.03426144085058
0,0,0.0979586911759731
0,0,0.09626384327399
0,0,0.0161831939851353
0,0,0.0125230196019357
0,0,0.0455712115703167
1,0,0.00483469716192156
0,0,0.035652097796742
0,0,0.0609769955688096
0,0,0.0601162560712816
0,0,0.00826503041437483
0,0,0.0159699081618785
0,0,0.080472272982574
0,0,0.0162653998771349
0,0,0.0722650951439127
0,0,0.0601162560712816
0,0,0.0100586284078244
0,0,0.0116671332074448
0,0,0.015818938230144
0,0,0.0874765962931556
0,0,0.026733284968775
0,0,0.0188743196628606
0,0,0.0591017322789486
0,0,0.0205600295926875
0,0,0.0601162560712816
0,0,0.0601162560712816
0,0,0.0577088323315786
0,0,0.0594632664269016
0,0,0.0240072188654386
0,0,0.0213586159478698
0,0,0.00384512195839087
0,0,0.0594632664269016
0,0,0.0841442123584054
0,0,0.0604717521039405
0,0,0.0268434757119309
0,0,0.0601162560712816
0,0,0.0125427507351476
0,0,0.0975680403239012
0,0,0.0601162560712816
0,0,0.0137335575427123
0,0,0.0601162560712816
0,0,0.0693995446170393
0,0,0.0594632664269016
0,0,0.0251653340047429
0,0,0.041012000808127
0,0,0.0188453039316155
0,0,0.00577656357300967
0,0,0.00583829252202963
0,0,0.0126046696178866
0,0,0.0299715099757809
0,0,0.0538222997411129
0,0,0.0137178411123494
0,0,0.0391722088423902
0,0,0.0610656777574885
0,0,0.00936370743647214
0,0,0.00638298705030598
0,0,0.0604909393730088
0,0,0.0437953955756749
0,0,0.0602071765691031
0,0,0.00750345471604098
0,0,0.0601162560712816
0,0,0.0601162560712816
0,0,0.0601162560712816
0,0,0.0327646852330358
0,0,0.0350607726104902
0,0,0.0312433671793414
0,0,0.0601162560712816
0,0,0.0601162560712816
0,0,0.0601162560712816
0,0,0.015736590176638
0,0,0.034606249156295
0,0,0.0601162560712816
0,0,0.0107975732222326
0,0,0.039274804585088
0,0,0.0227239207243377
0,0,0.0446387424261955
0,0,0.00993054007335944
0,0,0.0374295983118301
0,0,0.0117235322043383
0,0,0.0601162560712816
0,0,0.0601162560712816
0,0,0.0601162560712816
0,0,0.0306799456664934
0,0,0.0607759530917934
0,0,0.0601162560712816
0,0,0.0323308305043354
0,0,0.0607759530917934
0,0,0.0594632664269016
0,0,0.044649652762978
0,0,0.0404376230564005
0,0,0.0121030521876312
0,0,0.0415776016600409
0,0,0.0376887874035515
0,0,0.0601162560712816
0,0,0.0297592818670608
0,0,0.0301083054192227
0,0,0.0601162560712816
0,0,0.0609528908572405
0,0,0.0607759530917934
0,0,0.0327939943621056
0,0,0.00678970184862192
0,0,0.0601162560712816
0,0,0.0601162560712816
0,0,0.0460652708759688
0,0,0.030254775929637
0,0,0.0594632664269016
0,0,0.0601162560712816
0,0,0.0118812096025051
0,0,0.0245832209721576
0,0,0.0594632664269016
1,0,0.0145402491641682
0,0,0.0288552724267498
0,0,0.0430491850586001
0,0,0.038898914509096
0,0,0.0601162560712816
0,0,0.016953383806667
0,0,0.0594632664269016
0,0,0.0601162560712816
0,0,0.0594632664269016
0,0,0.0452141722214695
0,0,0.0601162560712816
0,0,0.0601162560712816
0,0,0.0608643618449364
0,0,0.0608643618449364
0,0,0.0601162560712816
0,0,0.0607759530917934
0,0,0.038898914509096
0,0,0.0594632664269016
0,0,0.0601162560712816
0,0,0.0601162560712816
0,0,0.0601162560712816
0,0,0.0601162560712816
0,0,0.0601162560712816
0,0,0.0601162560712816
0,0,0.0601162560712816
0,0,0.0601162560712816
0,0,0.0601162560712816
0,0,0.0601162560712816
0,0,0.0594632664269016
0,0,0.0601162560712816
0,0,0.0601162560712816
0,0,0.0601162560712816
0,0,0.0601162560712816
0,0,0.0601162560712816
0,0,0.0594632664269016
0,0,0.0601162560712816
0,0,0.0601162560712816
0,0,0.0601162560712816
0,0,0.0594632664269016
0,0,0.0601162560712816
0,0,0.0594632664269016
0,0,0.0601162560712816
0,0,0.0601162560712816
0,0,0.0601162560712816
0,0,0.0601162560712816
0,0,0.0594632664269016
0,0,0.0601162560712816
0,0,0.0594632664269016
0,0,0.0601162560712816
0,0,0.0594632664269016
0,0,0.0601162560712816
0,0,0.0601162560712816
0,0,0.0601162560712816
0,0,0.0594632664269016
0,0,0.0594632664269016
0,0,0.0601162560712816
0,0,0.0601162560712816
0,0,0.0594632664269016
0,0,0.0601162560712816
0,0,0.0601162560712816
0,0,0.0594632664269016
0,0,0.0601162560712816
0,0,0.0594632664269016
0,0,0.0601162560712816
0,0,0.0594632664269016
0,0,0.0594632664269016
0,0,0.0601162560712816
0,0,0.0601162560712816
0,0,0.0601162560712816
0,0,0.0601162560712816
0,0,0.0594632664269016
0,0,0.0601162560712816
0,0,0.0594632664269016
0,0,0.0601162560712816
0,0,0.0594632664269016
0,0,0.0602037666975298
0,0,0.0601162560712816
0,0,0.0601162560712816
0,0,0.0601162560712816
0,0,0.0601162560712816
0,0,0.0601162560712816
0,0,0.0601162560712816
0,0,0.0594632664269016
0,0,0.0594632664269016
0,0,0.0601162560712816
0,0,0.0594632664269016
0,0,0.0601162560712816
0,0,0.0449295886362141
0,0,0.0594632664269016
0,0,0.0594632664269016
0,0,0.0594632664269016
0,0,0.0594632664269016
0,0,0.0594632664269016
0,0,0.0594632664269016
0,0,0.0594632664269016
0,0,0.0594632664269016
0,0,0.0594632664269016
0,0,0.0594632664269016
0,0,0.0594632664269016
0,0,0.0594632664269016
0,0,0.0594632664269016
0,0,0.0594632664269016
0,0,0.0594632664269016
0,0,0.0594632664269016
0,0,0.0588169257677728
0,0,0.0594632664269016
0,0,0.0594632664269016
0,0,0.0594632664269016
0,0,0.0594632664269016
0,0,0.0594632664269016
0,0,0.0594632664269016
0,0,0.0594632664269016
0,0,0.0594632664269016
0,0,0.0594632664269016
0,0,0.0594632664269016
0,0,0.0594632664269016
0,0,0.0594632664269016
0,0,0.0594632664269016
0,0,0.0594632664269016
0,0,0.0594632664269016
0,0,0.0594632664269016
0,0,0.0594632664269016
0,0,0.0594632664269016
0,0,0.0594632664269016
0,0,0.0594632664269016
0,0,0.0594632664269016
0,0,0.0594632664269016
0,0,0.0594632664269016
0,0,0.0594632664269016
0,0,0.0594632664269016
0,0,0.0594632664269016
